,Energy [MeV],norm_phi_n_mu_WS,norm_phi_n_mu_MK1,norm_phi_n_mu_avg,norm_phi_n_alpha_WS,norm_phi_n_alpha_MK1,norm_phi_n_alpha_avg
0,4.47216e-11,8020.3302207434435,17688.186469178203,12854.258344960825,14825.028621516225,33572.59132052521,24198.82115130049
1,2.42063e-10,20474.463259564658,65975.79968851083,43225.11081825806,35950.18652169063,98123.62897262281,67036.68053358009
2,3.5459e-10,11810.372542936913,27679.85560788516,19745.11407541104,57906.8783665642,121285.42824106714,89596.15330381568
3,5.19428e-10,42759.1504501105,68872.87554771788,55816.012998914186,82496.322878243,173063.83175339026,127779.98105608477
4,7.60893e-10,35414.30923927543,150161.7178762323,92788.21069453919,130035.10349024108,257500.06899787489,193767.06054596376
5,1.11461e-09,33235.57118633424,388361.84853895084,210798.39585146375,185022.56394613365,405503.2702021335,295262.9170741336
6,1.63275e-09,76092.48200888072,219499.61721022814,147796.04960955444,273043.63803399174,612327.6680447098,442685.6530393508
7,2.39176e-09,194956.85185804596,514606.39863531454,354781.4161956049,407460.1966752517,903533.7993778639,655497.2070776331
8,3.50361e-09,334991.90834596317,1286811.3174696954,810901.6129078293,588823.8131527196,1304191.6765850082,946507.7448688638
9,5.13233e-09,332964.1702696436,988858.4716882975,660911.3209789705,847152.0732298975,1873181.3815557456,1360166.6299711827
10,7.51818e-09,432222.8252050364,1351465.3812491854,891844.0367216535,1174594.2502041718,2644246.0808333936,1909420.0990133253
11,1.10131e-08,618230.3801835995,1972748.1817108716,1295489.2809472356,1578452.5701210378,3585099.926451226,2581776.2482861322
12,1.61328e-08,723651.6909649906,2544036.559059804,1633844.0940196372,1995645.7651492613,4599791.046811465,3297718.4369731233
13,2.36324e-08,935240.2210524534,3230558.259000355,2082899.2400264041,2334103.6035273606,5357624.6170511665,3845864.1102892635
14,3.46183e-08,922611.4511688903,3447464.6068697767,2185038.0290193334,2418177.4668311267,5483552.8029972585,3950865.1204709643
15,5.07112e-08,835373.329757529,2970672.001451356,1903022.6656044424,2115584.4665478235,4653923.590843837,3384754.0385555853
16,7.42852e-08,591925.5248690184,2064852.2316692958,1328388.8715383413,1469266.91992483,3020160.1261085654,2244713.5230166977
17,1.08818e-07,333699.075520594,829572.0377143488,581635.5566174714,774635.9242037163,1397424.4794059808,1086030.2063996766
18,1.59404e-07,182598.90592456903,306961.6885398108,244780.30036887407,396064.0699104163,546463.5642769316,471263.8202303581
19,2.33505e-07,113328.2456478448,127580.89548403675,120454.57270722256,230504.73437399627,242817.8797027901,236661.30917967495
20,3.42054e-07,68076.94399129962,71996.10003098926,70036.52054938694,141856.7039122478,133276.65222450256,137566.67953013268
21,4.69117e-07,49190.22120281295,49215.208572701486,49202.71488775722,99942.9502661383,91007.66120178974,95475.30573396402
22,5.76429e-07,41706.69935065724,38857.96863100226,40282.334858239265,80410.86239588918,71648.82058328086,76029.84062217551
23,6.53179e-07,40220.137205880776,36303.25684077413,38261.69702332745,70643.18816128504,62227.3205354122,66435.25434834861
24,7.54346e-07,30580.753394330983,29965.938707171506,30273.34671357706,61257.81140219474,53334.50432560124,57296.15720107218
25,8.54786e-07,29528.731167801066,24958.792025138457,27243.761596469758,54044.152571520826,46680.93183557054,50362.54220354568
26,9.93119e-07,24759.354115669925,21737.872299291426,23248.612704016337,46507.60885654187,39625.32183957814,43066.46534806
27,1.27519e-06,18930.15315364769,15059.42173323191,16994.7874434398,36218.839545479495,30541.643990307326,33380.241375794976
28,1.63738e-06,16350.520343475551,11987.054929216187,14168.787941711758,28303.215502815474,23316.851921972906,25810.03371239419
29,2.10243e-06,11531.05168780887,10189.602031934475,10860.326859871673,22150.566725170396,18143.45590578521,20147.011315477805
30,2.69958e-06,10013.356522125665,7477.6517087843295,8745.504115454996,17799.832196119398,14186.423814074784,15993.128190311087
31,3.46632e-06,8134.847330886935,5160.713667520598,6647.780354958572,13467.580027233493,10763.634921184426,12115.607618454154
32,4.45085e-06,5854.485098352,5720.239504813688,5787.362413920937,10544.495545794623,8351.422761944348,9447.959153869486
33,5.71501e-06,5399.982327240022,3612.456846094757,4506.219586667389,8262.68597955209,6547.161422289724,7404.923700920908
34,7.33822e-06,4217.332132315466,3435.032610088005,3826.1823712017354,6516.028001340925,5049.605898978226,5782.816950159576
35,9.42244e-06,3101.7016823667755,2061.600816773575,2581.6512495701754,5105.224124536745,3950.4596473949427,4527.841939030654
36,1.20987e-05,2579.192888492152,1499.9552844520485,2039.5740864721004,3995.9710547414184,3062.0401365435955,3529.005595642507
37,1.5535e-05,1857.7839716768588,1255.9318313485678,1556.857933698101,3123.8968780173805,2380.6856131316385,2752.291277759897
38,1.99474e-05,1547.3125319590522,1015.0742452650469,1281.1933886120496,2445.495252514112,1851.9246117288467,2148.709907055556
39,2.56129e-05,1303.7841478317566,896.3712035731994,1100.077695223891,1910.5745151857072,1438.1009178968409,1674.337697019861
40,3.28876e-05,964.2668361327673,594.5713277952784,779.4190819640229,1492.1800313796082,1114.5753414660846,1303.3776864228462
41,4.22285e-05,861.8902636844787,567.5194240856295,714.7048557253987,1166.0067489965309,858.580413701647,1012.2935931894339
42,5.42225e-05,762.8258379823874,401.66888284383793,582.2473511918485,912.0465673843884,665.3019687399143,788.6742588408871
43,6.96231e-05,514.4230578644157,434.74783512943264,474.58544649692413,709.6526583849326,517.9241803366986,613.7884121792911
44,8.93978e-05,445.5730454216994,245.60555181447415,345.5892986180868,555.1769730351306,399.5493289544038,477.363156587746
45,0.000114789,298.2816994659767,170.51411720635252,234.39791269198267,433.08675047260624,312.46494873202136,372.7758496023138
46,0.000147392,245.17509769865396,130.73266527355625,187.95387809379073,337.9834047980895,240.74330357142858,289.36335079244463
47,0.000189255,195.06518189743997,111.07642070222715,153.07079865789544,262.97249214023407,184.0822593854852,223.5273731209215
48,0.000243008,174.1789735317356,83.28988346062681,128.7344284961812,205.70303446800105,142.29625773637082,173.99964610218595
49,0.000312029,141.90683878742038,63.16262590977121,102.5347323485958,160.4223485637553,110.27083700553473,135.34659278464503
50,0.000400653,127.59517337945805,51.76762934509413,89.68140011431339,124.89789169181311,84.53774962373924,104.71782065777619
51,0.000514449,90.27687292617927,39.35544825628973,64.81616059123449,97.74846097475162,65.43415187900064,81.59130642687612
52,0.000660565,67.70414266574826,32.28346491261269,49.99380378918047,76.47417286716674,49.91055838562443,63.192365626395585
53,0.000848182,55.763403373332615,32.68263886760153,44.2230217099632,59.41951491543089,37.90151288284826,48.66051389913957
54,0.001089088,43.84162987747546,17.98752442410531,30.914577150790386,46.579547290944355,28.81388739936534,37.69671780425457
55,0.001297373,36.18948135963982,19.069201378477892,27.629341754453034,40.17496124861547,24.954933546482007,32.564947782942916
56,0.001433817,34.77056137568462,21.75961227967028,28.26508682767745,36.41685584701534,22.566394456196296,29.49162550032536
57,0.001545487,31.918729177275516,14.351418031986036,23.135073281108156,33.89923952773462,20.903781138243154,27.40151033298889
58,0.001624727,31.964965191075176,14.033313904428251,22.999139547751714,32.01906043292196,19.617105519881186,25.818082668657564
59,0.001751271,30.64625806057429,11.66347527024658,21.154866950917363,29.829174924954508,18.199410028487883,24.01429247672119
60,0.00193545,25.395411403032888,11.614000878348705,18.50470639902865,27.421463742282157,16.657099899248237,22.039281820765197
61,0.002139001,23.171167755414793,10.37461927320277,16.77289351430878,24.529493908604994,14.841219803076296,19.685356855840645
62,0.002363964,22.078078600181726,9.626002341829231,15.85204047100548,22.53648109700486,13.641014837789406,18.088747967397133
63,0.002548084,20.94236022046369,12.73214383827221,16.83725183314208,21.041111674497387,12.449052699989483,16.745082187243437
64,0.002678728,18.338331476730744,9.089556685113234,13.71394408092199,19.944482231865273,12.225499192153888,16.08499071200958
65,0.002804405,16.76117750467568,6.248811066875148,11.504994107484476,19.106771668143512,11.523853009818483,15.315312517271934
66,0.002948187,17.336093673840907,9.878398826126022,13.607246080387709,18.138801236149536,11.04025999707617,14.589530447017099
67,0.00319102,16.497695721117385,7.659142217848838,12.0784188127934,16.896229732185947,9.982998539651899,13.439614292608633
68,0.003526626,14.898284365849966,7.957912463640885,11.428098414745424,15.421602404110896,9.395548322957977,12.40857550531301
69,0.003897522,13.837248898146052,5.281087829651763,9.559168363898907,13.842731355974387,8.505165846401894,11.1739484729015
70,0.003897522,13.146437146474092,4.873350297958549,9.00989372221632,13.773736235485007,8.441971847753521,11.107854169905904
71,0.003897522,13.350552735815217,5.723856080863687,9.537204408339452,13.822738139771886,8.356576819835782,11.089657479803833
72,0.003897522,12.860672755663726,6.186250905062241,9.523461830362985,13.760763633919193,8.508411241809538,11.134587309577727
73,0.003897522,15.220406709699137,5.746134082116791,10.483270395907963,14.562928701877757,8.889129298051428,11.726028999964594
74,0.003897522,13.685128140392793,8.263933853356054,10.974530996874424,12.710778797399989,9.292581286263426,11.001680041831708
75,0.006671471,8.851218719229987,3.4791154754326294,6.1651671722772985,8.161817236408583,5.419078491085399,6.790447863746991
76,0.007559765,7.595059634790234,2.8280847354382046,5.211572185114219,7.091430355308663,4.592060070650344,5.841745212979504
77,0.008566339,6.459238421454019,2.0249779981856895,4.242108209819855,6.110645632866036,3.3868895452304657,4.748767589048251
78,0.009706944,6.4806876396938105,2.2093312787217068,4.345009510717276,5.7093832003151554,3.2035065825042364,4.456444891409696
79,0.01099941,5.7706693359007435,2.620499190411122,4.195584308612917,5.181970305680032,2.8237155447428544,4.00284287975446
80,0.012463949,5.447266833328667,1.8896986821752881,3.668482757751977,4.5572915133077005,2.471892896865993,3.5145922050868466
81,0.014123506,5.006597795193346,1.5895766249541723,3.2980871746717852,4.107025620975415,2.175700990957911,3.1413633413686375
82,0.016004032,4.360584820125329,1.7351330589691396,3.047858939547234,3.5347493681592237,1.8993074995101233,2.7170284338346735
83,0.01813492,4.1182274859773305,1.49718278327117,2.80770513462425,3.2177266842092496,1.6795356141631725,2.4486311491862107
84,0.020294276,4.276438440080345,1.2062579123295651,2.7413481515674665,2.935793274911606,1.4757530645586963,2.205773145097662
85,0.021603161,3.750045653041238,1.0756880439857852,2.4128668485135116,2.815783208762829,1.3700753792465834,2.0929293171494674
86,0.022710779,3.55274770627639,1.1086734629402188,2.3307105846083043,2.647458372079619,1.294928852946876,1.9711936345292251
87,0.023875185,3.9849671112496092,1.0953701510585154,2.5401686311540623,2.5770543348669337,1.2836257813290242,1.9303400580979793
88,0.024479588,3.714055277400911,1.5742099090883392,2.644132613669805,2.5479364276882435,1.4398540122488988,1.9938951995433911
89,0.025415007,4.063046884071289,2.235097987578756,3.1490724358250226,2.6494264982889835,2.2322704062210175,2.4408484719284163
90,0.027054126,3.059493291337521,0.9634789163028219,2.011486085338702,2.1714677088441148,1.4964712591343738,1.8339695024707134
91,0.029899432,2.278267025273256,0.6476950799600474,1.4629810693393774,1.6648698543838558,0.7791349347372217,1.2220024112832644
92,0.033044013,2.04309340393977,0.7074960598762626,1.3752947319080164,1.4259412438797916,0.7354079542336459,1.0806745839253846
93,0.034738235,1.2496595466062108,0.8085142495005863,1.0290868836600362,0.9431224700967105,0.5916629327886117,0.7673927014426611
94,0.035617618,1.839341614590847,0.5092104980181438,1.1742760563044952,0.9384279431600396,0.6123594789522422,0.7753937110561409
95,0.038391642,1.856332505913657,0.6272674140897647,1.241799946978043,1.11436715835181,0.64906728917716,0.8817172237644851
96,0.043503454,1.8225839952846046,0.682124964146525,1.2523544682222245,1.2169375792552013,0.6783900193304192,0.9476637877994699
97,0.049295887,1.8041140227378403,0.6884296452562058,1.246271823854189,1.243357016783165,0.6685540519840936,0.9559555343836292
98,0.054480388,1.3892042949473855,0.45747029187824434,0.923337293412815,0.8184596629524739,0.4536779180060172,0.6360687813016309
99,0.057994075,1.4015104474034632,0.6204839718540214,1.0109972096287423,0.8212245130213733,0.48082322202742267,0.6510238675243979
100,0.060967498,1.4497573772832204,0.5557023022332325,1.0027298479593176,0.9101184536062149,0.4884168774647764,0.6992676655354956
101,0.064899563,1.372708873247729,0.8412828604100154,1.1069958668288722,0.8580186741781297,0.4668651466882759,0.6624419181374149
102,0.07172507,1.3281225657918492,2.286907172066894,1.8075148759004347,0.8121282697946478,0.5209172608684801,0.666522765331564
103,0.081275109,1.1195059486170607,0.40259536286810765,0.7610506557425841,0.6414879861926731,0.37745743287775846,0.5094727095352157
104,0.092096764,0.8696785155230862,0.3094534461601713,0.5895659808416287,0.4347769157231192,0.23854864216510366,0.33666277351503904
105,0.104359354,0.9440639025036509,0.33394170876143986,0.6390028056325454,0.5020934491411282,0.26785531846048033,0.3849743838008043
106,0.1139024,0.8936980695753558,0.5496285416286224,0.7216633099917121,0.49666944682464986,0.26813203233645644,0.3824007395805532
107,0.119742088,0.7964869795823171,0.343841640710324,0.5701643101463205,0.3873417089570043,0.22043190862013365,0.303886808788569
108,0.125881152,0.957630011202948,0.33914989910483184,0.6483899591258905,0.4793723209650957,0.27411656512326804,0.3767444470161824
109,0.132335631,1.0050098979011934,0.3447715150880264,0.6748907102728817,0.4493839002437673,0.25533180100225616,0.35235785440128364
110,0.139120537,0.7242669139495919,0.3089321744064286,0.5165995441780102,0.3614863778163824,0.20455762760605217,0.28302200271121725
111,0.146253291,0.6001042602179804,0.24651286650363308,0.42330856677953316,0.28391225056262154,0.14747367975466616,0.21569296515864386
112,0.153751955,0.7028205137294027,0.2840527523698804,0.4934366330496416,0.2870700993688178,0.15288935350448066,0.2199797264366492
113,0.159627033,0.6405133396171061,0.413199893278728,0.5268566195802187,0.25209022709831364,0.14898973910014354,0.20053998623153008
114,0.163668217,0.8317569378787819,0.2827178351921558,0.5572373895904298,0.2877305921894414,0.16728096329173062,0.227505777740586
115,0.167811392,0.6614522391900545,0.446054002102551,0.5537531206463027,0.2657875098253163,0.15115093020621626,0.2084692200157663
116,0.172059555,0.5786641491662581,0.3118997779576961,0.44528196065600656,0.23087304276708143,0.11854718559512721,0.17471011708707487
117,0.178634177,0.6300444903104965,0.31555469365753,0.4727995919840132,0.20847796107908284,0.13924115428370687,0.17385955768139486
118,0.187792802,0.4349571342995351,0.18321674544267144,0.30908693720859437,0.16629028731356804,0.09998038689470111,0.13313533710413458
119,0.197421304,0.4438433351650843,0.2278026235709597,0.3358229819006767,0.16130639578796419,0.08966913216215004,0.12548776397505712
120,0.207543137,0.4311535052108228,0.22108949331338287,0.3261214992621028,0.15813140571350237,0.09930047458037602,0.12871594014693918
121,0.218184301,0.42153785390819665,0.2935733996737006,0.3575556290825892,0.16072105022808217,0.10110512029919147,0.13091308526363682
122,0.229371315,0.43992287352932513,0.2015008546295338,0.3207118640794295,0.1619167592948578,0.09140876661059384,0.12666276513259733
123,0.241131153,0.4280629056669422,0.26663108105322253,0.34734699336008235,0.1614379623523801,0.0981356357550366,0.12978679698014797
124,0.253493779,0.4264485086239533,0.20074437408580353,0.3135964413548784,0.15557825582772983,0.09212248952271133,0.12385037267522057
125,0.266490716,0.4890469692760328,0.44406318079763796,0.4665550750368354,0.16265372636846379,0.09705985404759841,0.1298567902080311
126,0.276673885,0.4116630198039833,0.3097828441596503,0.36072293198181676,0.1395899327469956,0.07595709656514926,0.10777351465607243
127,0.283677833,0.37463540550946045,0.25387650574727844,0.3142559573909323,0.12256562182636244,0.06910980950704033,0.09583771742926421
128,0.290859264,0.3832794956120084,0.1856797897968964,0.284479640985408,0.12184198815823173,0.06812182540625558,0.0949819085012881
129,0.298222699,0.46920869024795464,0.26398902318297374,0.3665988583920636,0.1283420314025124,0.07653433516809531,0.10243818496190327
130,0.305772115,0.5094095189157455,0.42327365920859067,0.46634158906216805,0.128234440213752,0.08037974293372042,0.1043070915737362
131,0.313512502,0.4002393339963201,0.27740213690106685,0.3388207370435262,0.12159045893487208,0.07693636727762773,0.09926341310624989
132,0.325492775,0.3006913809377182,0.18314305133193817,0.24191721613482817,0.10761773129987294,0.060640160138731185,0.08412894571930206
133,0.342181566,0.3136421615418055,0.2158869598486787,0.2647645606952421,0.10529979864549453,0.06705657253319133,0.0861781870505555
134,0.359725582,0.21862484331181098,0.21271309806373462,0.2156689706877728,0.07806903207679014,0.05299986977295376,0.06553444953492354
135,0.378168826,0.21541959410477687,0.15088516312552955,0.1831523786151532,0.06502358023556389,0.04527052951741717,0.055147054876490534
136,0.397557756,0.20182784712166452,0.13635118968726648,0.1690895171467866,0.06043241676814375,0.03872358862997506,0.04957800395673831
137,0.417940879,0.15741717622219004,0.11666156973364647,0.13703937297791824,0.05043014469039292,0.03407153431382815,0.04225083950211054
138,0.439369177,0.15694057892458851,0.10611278041472626,0.1315266796696574,0.04619900544366134,0.03306204385839292,0.03963052465102712
139,0.461896147,0.20529835248874678,0.18108098658809554,0.19318966953842118,0.06695826583719046,0.04487109739843749,0.055914681617813974
140,0.485578252,0.2353050626328298,0.19963637292388456,0.21747071777835716,0.0852109290924339,0.05309818529516845,0.06915455719380117
141,0.504133143,0.26211664881552926,0.1613608133675115,0.2117387310915204,0.08992512122933366,0.057397775571363295,0.07366144939214996
142,0.51689513,0.2344074222560387,0.13297619383645576,0.18369180804624724,0.08830050110938364,0.05566977967078158,0.07198514135739682
143,0.529980584,0.20803321730744762,0.1662035698273807,0.18711839262398336,0.08059100142430878,0.05298095033609759,0.0667859749367724
144,0.543397043,0.22884246537940767,0.16110736362619477,0.19497491450280122,0.0883617727010708,0.05452441889714147,0.07144309579910614
145,0.564161196,0.19359969415549808,0.18646804095331646,0.19003386755440727,0.07384823574431021,0.046696348821552054,0.060272291396659614
146,0.593086653,0.23264279730806894,0.21640259370328474,0.22452269550567683,0.08026828922754396,0.04948713961364428,0.06487771526364125
147,0.623495168,0.19194517799374508,0.25348597890016045,0.22271557844695275,0.07512421972771408,0.05062626243159594,0.062875241079655
148,0.655462174,0.189052367802997,0.1612871729193026,0.1751697711239703,0.06492341234629354,0.04383070318867859,0.05437705853030659
149,0.689068165,0.16730514171990518,0.18766602575523136,0.17748558301195064,0.06313346953127634,0.041921520202576765,0.05252749414130894
150,0.72439761,0.1490019286507585,0.1589821230912123,0.15399202656121408,0.056001990398615475,0.039065826017841226,0.04753390751799968
151,0.761538495,0.135384959101772,0.1451495790767609,0.14026726908926646,0.04934943702353484,0.033303167425567895,0.04132630222455136
152,0.800583319,0.12795835182771276,0.11514447629903714,0.12155141343883034,0.03906102245430373,0.025462446588897764,0.032261733897056125
153,0.841629995,0.09708232297495528,0.11887528438194506,0.10797880367845018,0.031150556842974686,0.020219810488099347,0.025685183665537015
154,0.884781025,0.08421551874939903,0.1007898604064209,0.0925026890127984,0.025608476402395726,0.01641962880024467,0.021014052601320193
155,0.930144823,0.06954215558752833,0.08444368560442979,0.07699292005842837,0.01849155806138374,0.011924835494138959,0.01520819624021065
156,0.95765775,0.06724029226516468,0.11212421034550184,0.08968225130533325,0.01565022786063184,0.01012452204349623,0.012887374429956841
157,0.969703181,0.057388652621115824,0.058699829097497824,0.058044240859306824,0.014009657043705211,0.009173517396144337,0.011591587219924775
158,0.990134677,0.05773018391113272,0.08296496416921272,0.07034757454515453,0.012909856908284003,0.009158399569920326,0.011034128239102162
159,1.027968842,0.054949731637877794,0.08554518912159792,0.0702474598933418,0.01391109381503997,0.009825825051611827,0.011868459919721965
160,1.080672263,0.06122367276858664,0.08472648936673967,0.07297508106766315,0.01956389529357246,0.013711957368891959,0.016637925868557245
161,1.136079955,0.06543844618753088,0.07546186306931188,0.07045015506853125,0.024261269533621867,0.016444874251830277,0.02035307189272607
162,1.179492839,0.0713401881026596,0.08250133598310044,0.07692076204288002,0.02535896447269571,0.017180754583623208,0.021269859528159463
163,1.209350547,0.060732652895554524,0.09053155122937237,0.07563210206246344,0.023316886960485245,0.016552050230312584,0.019934469008843964
164,1.25556255,0.05936644733470267,0.08666223677984024,0.07301434245549933,0.022295404557901157,0.015005982776405682,0.01865069406538129
165,1.319937545,0.038900410246304494,0.09557008168897871,0.0672352455888358,0.014599066503559454,0.010389734008210215,0.012494400255884835
166,1.38761137,0.047146704339846975,0.10323931908975349,0.07519301171480024,0.020678790632855656,0.014614333983152648,0.01764656266833559
167,1.45875911,0.048704696692519714,0.08270649223229187,0.06570559480516287,0.019821693521420408,0.013473051078323686,0.016647372299872048
168,1.5145017,0.03522243850898285,0.07859001808977831,0.05690622862952217,0.01734640179010694,0.012438208554008224,0.014892305502199173
169,1.552838646,0.03519812965808941,0.05533046090868606,0.04526429528338773,0.01615221006033617,0.010251388990739995,0.013201799847529038
170,1.592150528,0.03492543451268447,0.05931994955190569,0.04712269203229508,0.013929915928150231,0.00965140904064066,0.011790662170354788
171,1.632457478,0.02635021896723487,0.06043711541012035,0.043393666882390915,0.011596330229190816,0.008095450067214552,0.009845890148202682
172,1.694835344,0.03259910598135367,0.062227195918095043,0.047413150949724356,0.014612601210893795,0.010139157211250605,0.012375878916058292
173,1.781728252,0.032499612067665634,0.04638029952504789,0.03943995551573035,0.016865823935983702,0.01104549808755011,0.013955660731140497
174,1.84981046,0.02060380445680905,0.0730983740896351,0.04685108927322208,0.008926656734333743,0.005893397315960685,0.007410026754849251
175,1.896641806,0.01984057816344474,0.042802495834049964,0.03132153673512351,0.009089041982237103,0.0069582173915236365,0.008023629423256528
176,1.944658057,0.019827783018822005,0.045203215898845295,0.03251549945883365,0.010133989844159013,0.007192610520729711,0.008663299925329751
177,1.993889216,0.026365163409359654,0.03712644133183376,0.0317458023705967,0.011321729321194142,0.008356463271026588,0.009839096296110366
178,2.070078125,0.024772411427708797,0.04839136252405932,0.03658188697588406,0.012808624312186285,0.008906639695059816,0.010857632245159827
179,2.176209971,0.025898418696290403,0.04171876620815281,0.033808592452221606,0.013728674345826716,0.010521178702935003,0.01212492652438086
180,2.250011544,0.02708659302772004,0.049003356580111845,0.038044974581694854,0.01726606208025749,0.012901153364038031,0.015083607499926677
181,2.287791087,0.02503687260846471,0.04576203946020531,0.03539945603433501,0.017046044641750104,0.013261606871536867,0.015153825538092063
182,2.326198888,0.033171373435889974,0.04401092938704904,0.03859115119652658,0.023777372298356976,0.01728917772571818,0.020533275226980504
183,2.355454667,0.02557977525279199,0.0630188023058225,0.04429928856703401,0.02611247877605619,0.01982647581983797,0.022969477085673838
184,2.375204004,0.027935785679148766,0.07311210519498602,0.05052394522655916,0.020256272269234522,0.013443827960135083,0.01685004990417657
185,2.405082135,0.024576685818673717,0.03628374546135823,0.03043021564001597,0.016811838320024777,0.012996240147116641,0.0149040390256776
186,2.445464796,0.024046162143157673,0.03958971855099238,0.03181794034707503,0.01246707376441006,0.008386145665864658,0.010426609715137359
187,2.528394874,0.02033325392669658,0.03749654176841999,0.028914897649804365,0.007442913760629622,0.0053538713984910575,0.006398392579560339
188,2.658029164,0.01713641919995126,0.03314596137365782,0.025141190286804543,0.006288499850334975,0.00481852688957178,0.0055535135580626754
189,2.794311683,0.012151421835500375,0.029109478908477225,0.020630450193053856,0.004878328027231742,0.0036502352482917348,0.004264281637761738
190,2.937577011,0.011797478626169708,0.02754651118829851,0.01967199490723411,0.0038647364673293325,0.003039491378971715,0.00345211375294222
191,3.049826715,0.010475921744294906,0.06105285394878574,0.035764387682596585,0.0030739995665622598,0.0021467609840908615,0.00261038011138282
192,3.127035734,0.009673679028063195,0.024605398705047226,0.017139538706659373,0.002253865833181425,0.0016595934429446465,0.001956729797958874
193,3.206199545,0.00841899190026864,0.024817282231883044,0.016618136910127968,0.0014678967836981587,0.0010715995532336712,0.001269748168465915
194,3.28736326,0.005533984096421398,0.022437554406445487,0.013985769251433444,0.0010694254701867053,0.0007761822464366168,0.00092280370621408
195,3.412978447,0.006301507710634541,0.017006073698185298,0.011653790850909526,0.0008424125861466362,0.0006364033742753957,0.0007394078337114092
196,3.587963889,0.005793890809139077,0.017444214305469004,0.011619052557304041,0.000733496791332952,0.0004958040423577964,0.0006146502774905714
197,3.771921162,0.004160201479842064,0.01466190241650655,0.009411051948174307,0.0006598645340403326,0.0005184297115486742,0.0005891469902360594
198,3.96531563,0.004849050818181654,0.014741523614855345,0.009795287342611867,0.0007747658160568671,0.0006001706350926723,0.000687468351668137
199,4.168622173,0.005385012617693045,0.014068170145003927,0.009726591261404778,0.0007142072071879275,0.0005484670725998175,0.0006313371398938726
200,4.382350446,0.0034608437154640096,0.01105145003732091,0.007256146762298433,0.00039381081482774686,0.0002601432756343284,0.0003269770452310376
201,4.549809581,0.0036190325566066808,0.01151232179446237,0.007565677285429233,0.00041566948381701956,0.00030783639953832167,0.00036175294167767064
202,4.664990529,0.002980595761891203,0.012685921360849135,0.007833258561370168,0.0004149875520572574,0.0003192128667234857,0.00036710020939037156
203,4.783086269,0.0039059121975456054,0.010987664040395338,0.007446788118970471,0.000366764867146493,0.00026321624348691,0.0003149905553167015
204,4.904166951,0.0032968692056258675,0.011413957469083724,0.007355413337354795,0.00026375386746086327,0.00024407896630760522,0.00025391631493011955
205,5.091563742,0.002576643967310269,0.013942831043123568,0.008259737505216918,0.00020893247220393925,0.00018580323215759126,0.00019736785218076527
206,5.352617102,0.0025380236884353174,0.0074717244364549355,0.005004873969032877,0.00022086429450712464,0.00017555692516262487,0.00019821070324712345
207,5.627051478,0.0019982843668593145,0.005635088842526491,0.003816686604692902,0.00011159147956172296,9.765665058307114e-05,0.00010462406507239705
208,5.842068617,0.0017714658417200169,0.00583244039634326,0.0038019531190316386,0.00010475159401914981,8.176726966368666e-05,9.325943184141824e-05
209,5.989961984,0.0018252349562824872,0.005986767210841785,0.0039060010835621356,9.077252935032985e-05,4.264284158769045e-05,6.670776894199402e-05
210,6.141600256,0.001731610908673246,0.006439075705287974,0.004085343388392616,9.573986835524842e-05,0.000101045814467284,9.839275999925971e-05
211,6.297073091,0.0018496552019773914,0.00636106988455472,0.004105362543266056,7.640994364313311e-05,5.178548752531862e-05,6.409771558422586e-05
212,6.456485607,0.0016037755878791971,0.004529953566115027,0.0030668645769971127,6.525361096495355e-05,7.05758562376363e-05,6.79146561597841e-05
213,6.564983072,0.0015120364959259407,0.0068673800839314635,0.004189708289928702,6.426322739496014e-05,7.123125754801641e-05,6.774716630982958e-05
214,6.619932323,0.0012619363148132895,0.005566270650830641,0.0034141034828219646,5.838488690543673e-05,5.5011589579961945e-05,5.669816271322628e-05
215,6.675341963,0.0008513667212107737,0.006239020597123527,0.0035451936591671504,3.254859469436892e-05,2.4466911344059333e-05,2.8507753019214126e-05
216,6.787514681,0.0010404390018880314,0.013082389383048468,0.007061414266132914,3.677664236937214e-05,2.3569599112296934e-05,3.017304707616882e-05
217,6.959341432,0.0016226529636949704,0.004208527097884166,0.0029155899589436898,4.03559737288659e-05,5.1156708357918074e-05,4.5756341043391987e-05
218,7.135517598,0.0019685010662628035,0.005468747776746777,0.00371862442150479,3.24873419224661e-05,2.837691831308129e-06,1.7662488848086503e-05
219,7.31615326,0.001148252599618177,0.0037351396326544425,0.0024416961161363095,1.8187289860026796e-05,1.878664854541333e-05,1.848703754464542e-05
220,7.501363742,0.0008145030970556555,0.0042100600752337175,0.0025122815861446865,1.8694200791096634e-05,1.8183760272319828e-06,1.0256281743709637e-05
221,7.69126394,0.0008120743285790813,0.003255215423019276,0.0020336449408079995,1.14459990824343e-05,1.7358655357756452e-06,6.590932309104972e-06
222,7.885968779,0.0010083065534287224,0.005318985552123754,0.0031636460527762382,7.298710103097658e-06,1.3744157888201044e-05,1.0521459357149708e-05
223,8.085603075,0.0008942080056285721,0.002834962313556308,0.0018645850977541338,1.2444093417237157e-05,1.9593591044536898e-07,6.320010953542881e-06
224,8.290292278,0.0006599855368814537,0.0022186358916210934,0.0014393107745627781,6.9295747452053825e-06,3.978786138521713e-06,5.454186473013997e-06
225,8.500161063,0.0007141202331356341,0.0030659635513779443,0.001890041833434374,3.7532700573017363e-06,4.746627705164932e-06,4.249954763474815e-06
226,8.715344004,0.0007517066448545431,0.0029751426895024942,0.0018634246671785186,2.785283058116681e-06,5.0181610708570255e-06,3.901727801495051e-06
227,8.935971549,0.0008830322429666903,0.0025519981654990834,0.0017175152042328869,2.9469207523324003e-06,1.3775894352951011e-07,1.5423392883947062e-06
228,9.162188836,0.0006086097001286472,0.0026645814048358255,0.0016365954979101242,2.70646026226478e-06,4.151737175568513e-07,1.5608169899108156e-06
229,9.394131178,0.0009812969209530022,0.001988769333320885,0.0014850331271369435,1.0504153937204047e-06,2.6821958861941705e-06,1.8663035109684948e-06
230,9.631942467,0.0005357974279519749,0.0016376615676477336,0.0010867294977998543,1.0027811143070857e-06,7.228697662859493e-07,8.628259594026082e-07
231,9.875778149,0.0007396040990187293,0.001836253480626866,0.0012879287898227977,3.469144353295253e-07,1.6123387706529574e-06,9.796250841235862e-07
232,10.12580851,0.0004584909931305821,0.0022000028914234324,0.0013292469422770074,6.719621443838661e-08,0.0,3.3598107219193305e-08
233,10.38213926,0.00035676019240759053,0.0019662235777022316,0.0011614918368952796,5.385026977571094e-08,0.0,2.692518304748688e-08
234,10.64491854,0.0006154305432571211,0.004493206201651214,0.002554318372454168,9.688754273924205e-07,0.0,4.844367742808485e-07
235,10.9143971,0.0004216695579089751,0.0016304644990422787,0.0010260670284756269,0.0,0.0,0.0
236,11.19072556,0.0005634752604906164,0.0016380002263231268,0.0011007377434068715,0.0,0.0,0.0
237,11.47400394,0.00035408842643294404,0.0012234978367978494,0.0007887931751921639,0.0,0.0,0.0
238,11.76448039,0.000399362134514128,0.0016280679949350488,0.0010137150647245884,0.0,0.0,0.0
239,12.06230803,0.0004366260575423226,0.001218906527957403,0.0008277662927498626,0.0,0.0,0.0
240,12.36763376,0.0006116095565882928,0.0012203751576809305,0.0009159923571346116,0.0,0.0,0.0
241,12.68070947,0.0004947503934888274,0.0015062403286809157,0.0010004953610848715,0.0,0.0,0.0
242,13.00173393,0.0006965765526936913,0.001284752563768239,0.0009906645582309652,0.0,0.0,0.0
243,13.33090839,0.0007702635634119754,0.0018654104636000727,0.0013178369759992026,0.0,0.0,0.0
244,13.66838226,0.0003916118892624532,0.0022001457398514402,0.0012958788145569467,0.0,0.0,0.0
245,14.01440492,0.00033001650989830254,0.0012935722282526997,0.0008117943690755012,0.0,0.0,0.0
246,14.36917764,0.0003381164268214865,0.004514711114671695,0.0024264137359498884,0.0,0.0,0.0
247,14.73294856,0.00030630453786095345,0.0017530010978331957,0.0010296528178470746,0.0,0.0,0.0
248,15.1059202,0.0003808270481926682,0.00141476664228638,0.0008977968783391296,0.0,0.0,0.0
249,15.48829007,0.0004180849513234872,0.0009723459421237453,0.0006952154790060695,0.0,0.0,0.0
250,15.88035945,0.00029060204931318477,0.001347716345299728,0.0008191592287918898,0.0,0.0,0.0
251,16.28237774,0.0003736133688297542,0.001068748021810726,0.0007211807260282859,0.0,0.0,0.0
252,16.69459557,0.000271412205285306,0.0009743023083008413,0.0006228572567930737,0.0,0.0,0.0
253,17.11721296,0.0002345005001328207,0.0010632685965017053,0.0006488845483172631,0.0,0.0,0.0
254,17.55052869,0.00022334575038947163,0.0010894917946770982,0.000656418801022455,0.0,0.0,0.0
255,17.99484403,0.00018908266136275035,0.0009734606741128837,0.000581271667737817,0.0,0.0,0.0
256,18.45040837,0.0002446344768899009,0.0018281947653172729,0.0010364146211035868,0.0,0.0,0.0
257,18.91747236,0.0001862617231808658,0.0009966406526838978,0.0005914512143629742,0.0,0.0,0.0
258,19.39633477,0.00024079925694126385,0.0007422403856561196,0.0004915198212986916,0.0,0.0,0.0
259,19.81933399,0.00019719547599187515,0.0007923495818741183,0.0004947725289329968,0.0,0.0,0.0
260,20.88203582,0.000221894504919971,0.0010768877227220464,0.0006493910898769832,0.0,0.0,0.0
261,22.76452096,0.0001954817765688666,0.0007185833178191333,0.000457032547194,0.0,0.0,0.0
262,24.81670953,0.00014690871872408137,0.0006826852278509947,0.000414796973287538,0.0,0.0,0.0
263,27.05389981,0.0001857627563972264,0.0005504855900477292,0.0003681241547408539,0.0,0.0,0.0
264,29.49276971,0.00013748271321649294,0.0005434915119065635,0.00034048711256152824,0.0,0.0,0.0
265,32.15149941,0.00015564216574122134,0.0006591644989784941,0.0004074033323598577,0.0,0.0,0.0
266,35.0499107,0.00014271440069603376,0.0006111276911184827,0.00037692104590725825,0.0,0.0,0.0
267,38.20961031,0.00012307649729600186,0.0004552278565229889,0.0002891521769094954,0.0,0.0,0.0
268,41.65415101,0.00010139308802587452,0.0004695994642959835,0.000285496276160929,0.0,0.0,0.0
269,45.4092111,0.0001285367408640138,0.00034013579240534304,0.00023433626663467845,0.0,0.0,0.0
270,49.50278519,9.279138501742148e-05,0.00044171714613781317,0.0002672542756780591,0.0,0.0,0.0
271,53.96538931,7.325204266185993e-05,0.0003108378020519834,0.00019204492235692165,0.0,0.0,0.0
272,58.83028905,6.803862541960433e-05,0.00037777560435086797,0.00022290711488523617,0.0,0.0,0.0
273,64.13375435,6.672826257207877e-05,0.00035570627715793464,0.00021121727766121334,0.0,0.0,0.0
274,69.91531937,5.2649977618202785e-05,0.0002593281867747549,0.00015598908934798733,0.0,0.0,0.0
275,76.21808248,4.966158786523174e-05,0.00021575618888490302,0.00013270888837506737,0.0,0.0,0.0
276,83.08903412,4.798653687852017e-05,0.00024590453140292207,0.00014694554015836237,0.0,0.0,0.0
277,90.57939466,3.1414716455999774e-05,0.000249598311899339,0.00014050651417766937,0.0,0.0,0.0
278,98.74498328,4.448946016369208e-05,0.0001520399163715368,9.826468826761444e-05,0.0,0.0,0.0
279,107.646687,2.5701859268553243e-05,0.00015889287888627728,9.229736907741526e-05,0.0,0.0,0.0
280,117.3508978,2.2299940171399356e-05,0.0001285953604353251,7.544765456408804e-05,0.0,0.0,0.0
281,127.9298966,1.8363158748929997e-05,0.00010837325260528664,6.336820567710831e-05,0.0,0.0,0.0
282,139.4626015,2.1979132520340944e-05,0.00011462470818744909,6.830191676870448e-05,0.0,0.0,0.0
283,152.0349939,2.0418904361201808e-05,8.699311034076346e-05,5.370601063969918e-05,0.0,0.0,0.0
284,165.7407275,2.2328730275423704e-05,8.911115102955007e-05,5.57199436692469e-05,0.0,0.0,0.0
285,180.682012,1.611282699242911e-05,5.333243687811048e-05,3.4722631935269796e-05,0.0,0.0,0.0
286,196.9701918,9.248719226763732e-06,5.3365277781082e-05,3.130700104237803e-05,0.0,0.0,0.0
287,214.7267514,1.9041078828522712e-05,3.979769611510082e-05,2.9419385143270975e-05,0.0,0.0,0.0
288,234.0840724,4.944761888891335e-06,3.666336163758573e-05,2.0804059627253817e-05,0.0,0.0,0.0
289,255.1864173,7.984237646961942e-06,3.414273805081553e-05,2.1063487848888736e-05,0.0,0.0,0.0
290,278.1910915,4.435483513676784e-06,2.2021456427550626e-05,1.3228471767939412e-05,0.0,0.0,0.0
291,303.269631,4.730846261358758e-06,1.8816084489514876e-05,1.1773467024134704e-05,0.0,0.0,0.0
292,330.6089691,2.160032142939222e-06,1.1725063027033285e-05,6.942549097346917e-06,0.0,0.0,0.0
293,360.4128593,1.9616725146077498e-06,7.988660575519039e-06,4.975166545063394e-06,0.0,0.0,0.0
294,392.9035467,1.1133164963104671e-06,1.0404960795941831e-05,5.759138646126149e-06,0.0,0.0,0.0
295,428.3232557,9.466775259198236e-07,7.915939550045776e-06,4.43130737064016e-06,0.0,0.0,0.0
296,466.9359927,1.259446710457024e-06,7.2121705172632755e-06,4.235809684670727e-06,0.0,0.0,0.0
297,509.0295863,7.087092964914366e-07,4.4740267781955446e-06,2.5913680373434908e-06,0.0,0.0,0.0
298,554.9178462,2.098552079329396e-06,4.140248895819347e-06,3.1194004875743713e-06,0.0,0.0,0.0
299,604.9428525,9.919019582101767e-07,4.127503928149974e-06,2.559702943180075e-06,0.0,0.0,0.0
300,659.4775578,3.513538819622286e-07,2.6502994367703107e-06,1.500825901190356e-06,0.0,0.0,0.0
301,718.9284856,6.991349071118235e-07,2.554066276101941e-06,1.6265998961274152e-06,0.0,0.0,0.0
302,783.7388681,1.997884836050024e-07,1.5790131769273164e-06,8.894008302661594e-07,0.0,0.0,0.0
303,854.3918142,3.795284489044675e-07,1.146663607629868e-06,7.630960282671678e-07,0.0,0.0,0.0
304,931.4139742,7.375936146868259e-08,3.606549926293773e-06,1.8401549122903422e-06,0.0,0.0,0.0
305,1015.379761,1.075272564941345e-07,7.35974882209613e-07,4.2175156177847037e-07,0.0,0.0,0.0
306,1106.915009,3.202450026585555e-07,6.648459854789085e-07,4.925454940687321e-07,0.0,0.0,0.0
307,1206.701581,7.57633879324469e-08,3.4346271400136667e-07,2.0961271948478536e-07,0.0,0.0,0.0
308,1315.483746,7.928034102825014e-08,5.655501272913485e-07,3.2241523415979935e-07,0.0,0.0,0.0
309,1434.072793,4.967760377837389e-08,2.782941019089538e-07,1.6398609690379922e-07,0.0,0.0,0.0
310,1563.352383,1.3778275604547438e-08,1.0538634909926127e-07,5.95824082995625e-08,0.0,0.0,0.0
311,1704.286124,3.284953108026361e-09,1.8990766599705062e-07,9.659645624152251e-08,0.0,0.0,0.0
312,1857.925008,1.5670761669407486e-08,1.1831155673856994e-07,6.699086317481766e-08,0.0,0.0,0.0
313,2025.414511,9.015487891900465e-08,1.26427454039308e-07,1.082914133422045e-07,0.0,0.0,0.0
314,2208.002464,8.528387221944693e-09,5.1448765049928854e-08,2.9988508201229975e-08,0.0,0.0,0.0
315,2407.050547,1.0128744504508323e-08,5.264741953921253e-08,3.138795738800079e-08,0.0,0.0,0.0
316,2624.042945,0.0,8.690101678194904e-08,4.345050839097452e-08,0.0,0.0,0.0
317,2860.596622,2.411199799004727e-09,1.1363538553461942e-08,6.887374419894704e-09,0.0,0.0,0.0
318,3118.47542,0.0,5.97186044198482e-08,2.9859238076021134e-08,0.0,0.0,0.0
319,3399.601591,1.2283027549624416e-09,3.854275169975351e-08,1.9885565467132996e-08,0.0,0.0,0.0
320,3706.070639,8.935501566407136e-09,2.4013735481311207e-08,1.6474618523859174e-08,0.0,0.0,0.0
321,4040.167462,0.0,2.0277476310213402e-08,1.0138738155106701e-08,0.0,0.0,0.0
322,4404.382721,1.8379806008688588e-09,5.706974527929541e-11,9.47524378411074e-10,0.0,0.0,0.0
323,4801.431418,1.5243120983801584e-09,7.34682991987703e-09,4.435573091840838e-09,0.0,0.0,0.0
324,5234.273264,0.0,4.675548785028049e-09,2.3377648400895564e-09,0.0,0.0,0.0
325,5706.135266,0.0,3.061213796329237e-10,1.5306051456649783e-10,0.0,0.0,0.0
326,6220.535144,0.0,0.0,0.0,0.0,0.0,0.0
327,6781.307347,0.0,1.7061754331365803e-09,8.530862419263829e-10,0.0,0.0,0.0
328,7392.632439,0.0,0.0,0.0,0.0,0.0,0.0
329,8059.067249,0.0,1.4415812203877047e-09,7.207918510322385e-10,0.0,0.0,0.0
330,8785.580041,0.0,8.209566091641963e-10,4.1047830458209813e-10,0.0,0.0,0.0
331,9577.587371,0.0,2.5660220103462213e-09,1.283005784651693e-09,0.0,0.0,0.0
